[{"model": "admin.logentry", "pk": 1, "fields": {"action_time": "2022-02-15T21:17:45.606Z", "user": 1, "content_type": 6, "object_id": "1", "object_repr": "Beef", "action_flag": 1, "change_message": "[{\"added\": {}}]"}}, {"model": "admin.logentry", "pk": 2, "fields": {"action_time": "2022-02-15T21:18:25.009Z", "user": 1, "content_type": 6, "object_id": "1", "object_repr": "Beef", "action_flag": 2, "change_message": "[]"}}, {"model": "admin.logentry", "pk": 3, "fields": {"action_time": "2022-02-15T21:24:20.267Z", "user": 1, "content_type": 6, "object_id": "2", "object_repr": "Poultry", "action_flag": 1, "change_message": "[{\"added\": {}}]"}}, {"model": "admin.logentry", "pk": 4, "fields": {"action_time": "2022-02-15T21:24:49.422Z", "user": 1, "content_type": 6, "object_id": "3", "object_repr": "Pork", "action_flag": 1, "change_message": "[{\"added\": {}}]"}}, {"model": "admin.logentry", "pk": 5, "fields": {"action_time": "2022-02-15T21:25:01.831Z", "user": 1, "content_type": 6, "object_id": "4", "object_repr": "Lamb", "action_flag": 1, "change_message": "[{\"added\": {}}]"}}, {"model": "admin.logentry", "pk": 6, "fields": {"action_time": "2022-02-16T02:35:21.594Z", "user": 1, "content_type": 8, "object_id": "1", "object_repr": "Ground Beef", "action_flag": 1, "change_message": "[{\"added\": {}}]"}}, {"model": "admin.logentry", "pk": 7, "fields": {"action_time": "2022-02-16T02:42:50.377Z", "user": 1, "content_type": 8, "object_id": "2", "object_repr": "Sirloin", "action_flag": 1, "change_message": "[{\"added\": {}}]"}}, {"model": "admin.logentry", "pk": 8, "fields": {"action_time": "2022-02-16T02:44:28.660Z", "user": 1, "content_type": 8, "object_id": "3", "object_repr": "Ribeye", "action_flag": 1, "change_message": "[{\"added\": {}}]"}}, {"model": "admin.logentry", "pk": 9, "fields": {"action_time": "2022-02-16T02:45:40.149Z", "user": 1, "content_type": 8, "object_id": "4", "object_repr": "New York Strip", "action_flag": 1, "change_message": "[{\"added\": {}}]"}}, {"model": "admin.logentry", "pk": 10, "fields": {"action_time": "2022-02-16T02:46:52.156Z", "user": 1, "content_type": 8, "object_id": "5", "object_repr": "Filet Mignon", "action_flag": 1, "change_message": "[{\"added\": {}}]"}}, {"model": "admin.logentry", "pk": 11, "fields": {"action_time": "2022-02-16T02:48:27.422Z", "user": 1, "content_type": 8, "object_id": "6", "object_repr": "Chicken (Whole)", "action_flag": 1, "change_message": "[{\"added\": {}}]"}}, {"model": "admin.logentry", "pk": 12, "fields": {"action_time": "2022-02-16T02:50:36.911Z", "user": 1, "content_type": 8, "object_id": "7", "object_repr": "Dozen Eggs", "action_flag": 1, "change_message": "[{\"added\": {}}]"}}, {"model": "admin.logentry", "pk": 13, "fields": {"action_time": "2022-02-16T02:53:27.081Z", "user": 1, "content_type": 8, "object_id": "8", "object_repr": "Bacon", "action_flag": 1, "change_message": "[{\"added\": {}}]"}}, {"model": "admin.logentry", "pk": 14, "fields": {"action_time": "2022-02-16T02:54:39.917Z", "user": 1, "content_type": 8, "object_id": "9", "object_repr": "Pork Chops", "action_flag": 1, "change_message": "[{\"added\": {}}]"}}, {"model": "admin.logentry", "pk": 15, "fields": {"action_time": "2022-02-16T02:56:16.298Z", "user": 1, "content_type": 8, "object_id": "10", "object_repr": "Boston Butt", "action_flag": 1, "change_message": "[{\"added\": {}}]"}}, {"model": "admin.logentry", "pk": 16, "fields": {"action_time": "2022-02-16T02:57:34.717Z", "user": 1, "content_type": 8, "object_id": "11", "object_repr": "Ham (Whole, Smoked)", "action_flag": 1, "change_message": "[{\"added\": {}}]"}}, {"model": "admin.logentry", "pk": 17, "fields": {"action_time": "2022-02-16T02:59:34.285Z", "user": 1, "content_type": 8, "object_id": "12", "object_repr": "Ground Lamb", "action_flag": 1, "change_message": "[{\"added\": {}}]"}}, {"model": "admin.logentry", "pk": 18, "fields": {"action_time": "2022-02-16T03:00:44.673Z", "user": 1, "content_type": 8, "object_id": "13", "object_repr": "Lamb Chops", "action_flag": 1, "change_message": "[{\"added\": {}}]"}}, {"model": "admin.logentry", "pk": 19, "fields": {"action_time": "2022-02-16T03:02:29.260Z", "user": 1, "content_type": 8, "object_id": "14", "object_repr": "Leg of Lamb", "action_flag": 1, "change_message": "[{\"added\": {}}]"}}, {"model": "admin.logentry", "pk": 20, "fields": {"action_time": "2022-02-18T18:01:34.408Z", "user": 1, "content_type": 8, "object_id": "12", "object_repr": "Ground Lamb", "action_flag": 2, "change_message": "[{\"changed\": {\"fields\": [\"Stock\"]}}]"}}, {"model": "admin.logentry", "pk": 21, "fields": {"action_time": "2022-02-18T18:02:02.073Z", "user": 1, "content_type": 8, "object_id": "12", "object_repr": "Ground Lamb", "action_flag": 2, "change_message": "[{\"changed\": {\"fields\": [\"Stock\"]}}]"}}, {"model": "admin.logentry", "pk": 22, "fields": {"action_time": "2022-02-18T18:03:26.399Z", "user": 1, "content_type": 8, "object_id": "12", "object_repr": "Ground Lamb", "action_flag": 2, "change_message": "[{\"changed\": {\"fields\": [\"Stock\"]}}]"}}, {"model": "admin.logentry", "pk": 23, "fields": {"action_time": "2022-02-18T18:03:49.808Z", "user": 1, "content_type": 8, "object_id": "12", "object_repr": "Ground Lamb", "action_flag": 2, "change_message": "[{\"changed\": {\"fields\": [\"Stock\"]}}]"}}, {"model": "admin.logentry", "pk": 24, "fields": {"action_time": "2022-03-06T19:24:47.181Z", "user": 1, "content_type": 7, "object_id": "12", "object_repr": "henry.doe15@gmail.com", "action_flag": 3, "change_message": ""}}, {"model": "admin.logentry", "pk": 25, "fields": {"action_time": "2022-03-06T19:24:47.189Z", "user": 1, "content_type": 7, "object_id": "3", "object_repr": "czc0162@auburn.edu", "action_flag": 3, "change_message": ""}}, {"model": "admin.logentry", "pk": 26, "fields": {"action_time": "2022-03-06T19:48:03.994Z", "user": 1, "content_type": 7, "object_id": "11", "object_repr": "henry.doe10@gmail.com", "action_flag": 3, "change_message": ""}}, {"model": "admin.logentry", "pk": 27, "fields": {"action_time": "2022-03-06T19:48:04.002Z", "user": 1, "content_type": 7, "object_id": "10", "object_repr": "henry.doe5@gmail.com", "action_flag": 3, "change_message": ""}}, {"model": "admin.logentry", "pk": 28, "fields": {"action_time": "2022-03-06T19:48:04.009Z", "user": 1, "content_type": 7, "object_id": "9", "object_repr": "henry.doe2@gmail.com", "action_flag": 3, "change_message": ""}}, {"model": "admin.logentry", "pk": 29, "fields": {"action_time": "2022-03-06T19:48:04.016Z", "user": 1, "content_type": 7, "object_id": "8", "object_repr": "henry.doe1@gmail.com", "action_flag": 3, "change_message": ""}}, {"model": "admin.logentry", "pk": 30, "fields": {"action_time": "2022-03-06T19:48:04.024Z", "user": 1, "content_type": 7, "object_id": "7", "object_repr": "henry.don@gmail.com", "action_flag": 3, "change_message": ""}}, {"model": "admin.logentry", "pk": 31, "fields": {"action_time": "2022-03-06T19:48:04.031Z", "user": 1, "content_type": 7, "object_id": "6", "object_repr": "cal.doe@gmail.com", "action_flag": 3, "change_message": ""}}, {"model": "admin.logentry", "pk": 32, "fields": {"action_time": "2022-03-06T19:48:04.039Z", "user": 1, "content_type": 7, "object_id": "5", "object_repr": "henry.doe@gmail.com", "action_flag": 3, "change_message": ""}}, {"model": "admin.logentry", "pk": 33, "fields": {"action_time": "2022-03-06T19:48:04.046Z", "user": 1, "content_type": 7, "object_id": "4", "object_repr": "jan.doe@gmail.com", "action_flag": 3, "change_message": ""}}, {"model": "admin.logentry", "pk": 34, "fields": {"action_time": "2022-03-06T19:48:16.049Z", "user": 1, "content_type": 7, "object_id": "19", "object_repr": "henry.doe24@gmail.com", "action_flag": 3, "change_message": ""}}, {"model": "admin.logentry", "pk": 35, "fields": {"action_time": "2022-03-06T19:48:16.070Z", "user": 1, "content_type": 7, "object_id": "18", "object_repr": "henry.doe23@gmail.com", "action_flag": 3, "change_message": ""}}, {"model": "admin.logentry", "pk": 36, "fields": {"action_time": "2022-03-06T19:48:16.078Z", "user": 1, "content_type": 7, "object_id": "17", "object_repr": "henry.doe22@gmail.com", "action_flag": 3, "change_message": ""}}, {"model": "admin.logentry", "pk": 37, "fields": {"action_time": "2022-03-06T19:48:16.086Z", "user": 1, "content_type": 7, "object_id": "16", "object_repr": "henry.doe21@gmail.com", "action_flag": 3, "change_message": ""}}, {"model": "admin.logentry", "pk": 38, "fields": {"action_time": "2022-03-06T19:48:16.093Z", "user": 1, "content_type": 7, "object_id": "15", "object_repr": "henry.doe20@gmail.com", "action_flag": 3, "change_message": ""}}, {"model": "admin.logentry", "pk": 39, "fields": {"action_time": "2022-03-06T19:48:16.101Z", "user": 1, "content_type": 7, "object_id": "14", "object_repr": "henry.doe16@gmail.com", "action_flag": 3, "change_message": ""}}, {"model": "admin.logentry", "pk": 40, "fields": {"action_time": "2022-03-06T19:48:16.108Z", "user": 1, "content_type": 7, "object_id": "13", "object_repr": "czc0162@auburn.edu", "action_flag": 3, "change_message": ""}}, {"model": "admin.logentry", "pk": 41, "fields": {"action_time": "2022-03-11T03:10:34.057Z", "user": 1, "content_type": 10, "object_id": "15", "object_repr": "CartItem object (15)", "action_flag": 3, "change_message": ""}}, {"model": "admin.logentry", "pk": 42, "fields": {"action_time": "2022-03-11T03:10:34.064Z", "user": 1, "content_type": 10, "object_id": "14", "object_repr": "CartItem object (14)", "action_flag": 3, "change_message": ""}}, {"model": "admin.logentry", "pk": 43, "fields": {"action_time": "2022-03-11T03:10:34.071Z", "user": 1, "content_type": 10, "object_id": "13", "object_repr": "CartItem object (13)", "action_flag": 3, "change_message": ""}}, {"model": "admin.logentry", "pk": 44, "fields": {"action_time": "2022-03-11T03:10:34.078Z", "user": 1, "content_type": 10, "object_id": "12", "object_repr": "CartItem object (12)", "action_flag": 3, "change_message": ""}}, {"model": "admin.logentry", "pk": 45, "fields": {"action_time": "2022-03-11T13:25:11.510Z", "user": 1, "content_type": 9, "object_id": "6", "object_repr": "xsurjjb59dt9pombqpcn5yp2hch5ztsc", "action_flag": 3, "change_message": ""}}, {"model": "admin.logentry", "pk": 46, "fields": {"action_time": "2022-03-11T13:25:11.523Z", "user": 1, "content_type": 9, "object_id": "5", "object_repr": "lyubnzzqbl30wiq1z9x5jwr4p08nv0y5", "action_flag": 3, "change_message": ""}}, {"model": "admin.logentry", "pk": 47, "fields": {"action_time": "2022-03-11T13:25:11.531Z", "user": 1, "content_type": 9, "object_id": "4", "object_repr": "ti6tlm8xkl897iosadn29f5cjr4o8vuv", "action_flag": 3, "change_message": ""}}, {"model": "admin.logentry", "pk": 48, "fields": {"action_time": "2022-03-11T13:25:11.538Z", "user": 1, "content_type": 9, "object_id": "3", "object_repr": "ea9wn6dmdbsyvbuu4cns6ys2zu5gwqlf", "action_flag": 3, "change_message": ""}}, {"model": "admin.logentry", "pk": 49, "fields": {"action_time": "2022-03-11T13:25:11.545Z", "user": 1, "content_type": 9, "object_id": "2", "object_repr": "o9imyj98ek13a7rctwvhgm6k1cx70jw2", "action_flag": 3, "change_message": ""}}, {"model": "admin.logentry", "pk": 50, "fields": {"action_time": "2022-03-11T13:25:11.554Z", "user": 1, "content_type": 9, "object_id": "1", "object_repr": "h8t08f6t6v3f2k7bczufenz44uvoud0m", "action_flag": 3, "change_message": ""}}, {"model": "admin.logentry", "pk": 51, "fields": {"action_time": "2022-03-11T13:25:18.237Z", "user": 1, "content_type": 10, "object_id": "18", "object_repr": "CartItem object (18)", "action_flag": 3, "change_message": ""}}, {"model": "admin.logentry", "pk": 52, "fields": {"action_time": "2022-03-11T13:25:18.247Z", "user": 1, "content_type": 10, "object_id": "16", "object_repr": "CartItem object (16)", "action_flag": 3, "change_message": ""}}, {"model": "admin.logentry", "pk": 53, "fields": {"action_time": "2022-03-11T16:02:23.255Z", "user": 1, "content_type": 10, "object_id": "24", "object_repr": "CartItem object (24)", "action_flag": 3, "change_message": ""}}, {"model": "admin.logentry", "pk": 54, "fields": {"action_time": "2022-03-11T16:02:23.267Z", "user": 1, "content_type": 10, "object_id": "23", "object_repr": "CartItem object (23)", "action_flag": 3, "change_message": ""}}, {"model": "admin.logentry", "pk": 55, "fields": {"action_time": "2022-03-11T16:02:23.278Z", "user": 1, "content_type": 10, "object_id": "22", "object_repr": "CartItem object (22)", "action_flag": 3, "change_message": ""}}, {"model": "admin.logentry", "pk": 56, "fields": {"action_time": "2022-03-11T16:02:28.290Z", "user": 1, "content_type": 9, "object_id": "7", "object_repr": "mopy4tvet554eegzyhw28oa13y7acott", "action_flag": 3, "change_message": ""}}, {"model": "admin.logentry", "pk": 57, "fields": {"action_time": "2022-03-11T16:03:19.782Z", "user": 1, "content_type": 10, "object_id": "26", "object_repr": "CartItem object (26)", "action_flag": 3, "change_message": ""}}, {"model": "admin.logentry", "pk": 58, "fields": {"action_time": "2022-03-11T16:03:19.792Z", "user": 1, "content_type": 10, "object_id": "25", "object_repr": "CartItem object (25)", "action_flag": 3, "change_message": ""}}, {"model": "admin.logentry", "pk": 59, "fields": {"action_time": "2022-03-11T16:03:25.882Z", "user": 1, "content_type": 9, "object_id": "8", "object_repr": "jmsqxz1d8tqv4hlk280eutf5j9s5qay2", "action_flag": 3, "change_message": ""}}, {"model": "admin.logentry", "pk": 60, "fields": {"action_time": "2022-03-11T16:51:45.449Z", "user": 1, "content_type": 10, "object_id": "30", "object_repr": "CartItem object (30)", "action_flag": 3, "change_message": ""}}, {"model": "admin.logentry", "pk": 61, "fields": {"action_time": "2022-03-11T16:51:45.459Z", "user": 1, "content_type": 10, "object_id": "29", "object_repr": "CartItem object (29)", "action_flag": 3, "change_message": ""}}, {"model": "admin.logentry", "pk": 62, "fields": {"action_time": "2022-03-11T16:51:45.466Z", "user": 1, "content_type": 10, "object_id": "28", "object_repr": "CartItem object (28)", "action_flag": 3, "change_message": ""}}, {"model": "admin.logentry", "pk": 63, "fields": {"action_time": "2022-03-11T16:51:45.475Z", "user": 1, "content_type": 10, "object_id": "27", "object_repr": "CartItem object (27)", "action_flag": 3, "change_message": ""}}, {"model": "admin.logentry", "pk": 64, "fields": {"action_time": "2022-03-11T16:51:50.860Z", "user": 1, "content_type": 9, "object_id": "10", "object_repr": "66rx0174kgjm75lql5m39lrk0cp7b2bz", "action_flag": 3, "change_message": ""}}, {"model": "admin.logentry", "pk": 65, "fields": {"action_time": "2022-03-11T16:51:50.877Z", "user": 1, "content_type": 9, "object_id": "9", "object_repr": "6ogv5if6cdh367wimk3vq2nvlds54o7n", "action_flag": 3, "change_message": ""}}, {"model": "admin.logentry", "pk": 66, "fields": {"action_time": "2022-03-14T01:47:42.600Z", "user": 1, "content_type": 10, "object_id": "49", "object_repr": "CartItem object (49)", "action_flag": 3, "change_message": ""}}, {"model": "admin.logentry", "pk": 67, "fields": {"action_time": "2022-03-14T01:47:42.608Z", "user": 1, "content_type": 10, "object_id": "48", "object_repr": "CartItem object (48)", "action_flag": 3, "change_message": ""}}, {"model": "admin.logentry", "pk": 68, "fields": {"action_time": "2022-03-14T01:47:42.615Z", "user": 1, "content_type": 10, "object_id": "47", "object_repr": "CartItem object (47)", "action_flag": 3, "change_message": ""}}, {"model": "admin.logentry", "pk": 69, "fields": {"action_time": "2022-03-14T01:47:42.623Z", "user": 1, "content_type": 10, "object_id": "46", "object_repr": "CartItem object (46)", "action_flag": 3, "change_message": ""}}, {"model": "admin.logentry", "pk": 70, "fields": {"action_time": "2022-03-14T01:47:42.633Z", "user": 1, "content_type": 10, "object_id": "45", "object_repr": "CartItem object (45)", "action_flag": 3, "change_message": ""}}, {"model": "admin.logentry", "pk": 71, "fields": {"action_time": "2022-03-14T01:47:42.640Z", "user": 1, "content_type": 10, "object_id": "44", "object_repr": "CartItem object (44)", "action_flag": 3, "change_message": ""}}, {"model": "admin.logentry", "pk": 72, "fields": {"action_time": "2022-03-14T01:47:42.648Z", "user": 1, "content_type": 10, "object_id": "43", "object_repr": "CartItem object (43)", "action_flag": 3, "change_message": ""}}, {"model": "admin.logentry", "pk": 73, "fields": {"action_time": "2022-03-14T01:47:42.654Z", "user": 1, "content_type": 10, "object_id": "42", "object_repr": "CartItem object (42)", "action_flag": 3, "change_message": ""}}, {"model": "admin.logentry", "pk": 74, "fields": {"action_time": "2022-03-14T01:47:42.663Z", "user": 1, "content_type": 10, "object_id": "41", "object_repr": "CartItem object (41)", "action_flag": 3, "change_message": ""}}, {"model": "admin.logentry", "pk": 75, "fields": {"action_time": "2022-03-14T01:47:42.669Z", "user": 1, "content_type": 10, "object_id": "40", "object_repr": "CartItem object (40)", "action_flag": 3, "change_message": ""}}, {"model": "admin.logentry", "pk": 76, "fields": {"action_time": "2022-03-14T01:47:42.677Z", "user": 1, "content_type": 10, "object_id": "39", "object_repr": "CartItem object (39)", "action_flag": 3, "change_message": ""}}, {"model": "admin.logentry", "pk": 77, "fields": {"action_time": "2022-03-14T01:47:42.684Z", "user": 1, "content_type": 10, "object_id": "38", "object_repr": "CartItem object (38)", "action_flag": 3, "change_message": ""}}, {"model": "admin.logentry", "pk": 78, "fields": {"action_time": "2022-03-14T01:47:42.693Z", "user": 1, "content_type": 10, "object_id": "37", "object_repr": "CartItem object (37)", "action_flag": 3, "change_message": ""}}, {"model": "admin.logentry", "pk": 79, "fields": {"action_time": "2022-03-14T01:47:42.701Z", "user": 1, "content_type": 10, "object_id": "36", "object_repr": "CartItem object (36)", "action_flag": 3, "change_message": ""}}, {"model": "admin.logentry", "pk": 80, "fields": {"action_time": "2022-03-14T01:47:42.708Z", "user": 1, "content_type": 10, "object_id": "35", "object_repr": "CartItem object (35)", "action_flag": 3, "change_message": ""}}, {"model": "admin.logentry", "pk": 81, "fields": {"action_time": "2022-03-14T01:47:42.713Z", "user": 1, "content_type": 10, "object_id": "34", "object_repr": "CartItem object (34)", "action_flag": 3, "change_message": ""}}, {"model": "admin.logentry", "pk": 82, "fields": {"action_time": "2022-03-14T01:47:42.719Z", "user": 1, "content_type": 10, "object_id": "33", "object_repr": "CartItem object (33)", "action_flag": 3, "change_message": ""}}, {"model": "admin.logentry", "pk": 83, "fields": {"action_time": "2022-03-14T01:47:42.727Z", "user": 1, "content_type": 10, "object_id": "32", "object_repr": "CartItem object (32)", "action_flag": 3, "change_message": ""}}, {"model": "admin.logentry", "pk": 84, "fields": {"action_time": "2022-03-14T01:47:42.735Z", "user": 1, "content_type": 10, "object_id": "31", "object_repr": "CartItem object (31)", "action_flag": 3, "change_message": ""}}, {"model": "admin.logentry", "pk": 85, "fields": {"action_time": "2022-03-15T01:08:01.437Z", "user": 1, "content_type": 13, "object_id": "34", "object_repr": "Katherine", "action_flag": 3, "change_message": ""}}, {"model": "admin.logentry", "pk": 86, "fields": {"action_time": "2022-03-15T01:08:01.447Z", "user": 1, "content_type": 13, "object_id": "33", "object_repr": "Katherine", "action_flag": 3, "change_message": ""}}, {"model": "admin.logentry", "pk": 87, "fields": {"action_time": "2022-03-15T01:08:01.456Z", "user": 1, "content_type": 13, "object_id": "32", "object_repr": "Katherine", "action_flag": 3, "change_message": ""}}, {"model": "admin.logentry", "pk": 88, "fields": {"action_time": "2022-03-15T01:08:01.463Z", "user": 1, "content_type": 13, "object_id": "31", "object_repr": "Katherine", "action_flag": 3, "change_message": ""}}, {"model": "admin.logentry", "pk": 89, "fields": {"action_time": "2022-03-15T01:08:01.470Z", "user": 1, "content_type": 13, "object_id": "30", "object_repr": "Katherine", "action_flag": 3, "change_message": ""}}, {"model": "admin.logentry", "pk": 90, "fields": {"action_time": "2022-03-15T01:08:01.477Z", "user": 1, "content_type": 13, "object_id": "29", "object_repr": "Katherine", "action_flag": 3, "change_message": ""}}, {"model": "admin.logentry", "pk": 91, "fields": {"action_time": "2022-03-15T01:08:01.485Z", "user": 1, "content_type": 13, "object_id": "28", "object_repr": "Colby", "action_flag": 3, "change_message": ""}}, {"model": "admin.logentry", "pk": 92, "fields": {"action_time": "2022-03-15T01:08:01.491Z", "user": 1, "content_type": 13, "object_id": "27", "object_repr": "Colby", "action_flag": 3, "change_message": ""}}, {"model": "admin.logentry", "pk": 93, "fields": {"action_time": "2022-03-15T01:08:01.498Z", "user": 1, "content_type": 13, "object_id": "26", "object_repr": "Colby", "action_flag": 3, "change_message": ""}}, {"model": "admin.logentry", "pk": 94, "fields": {"action_time": "2022-03-15T01:08:01.504Z", "user": 1, "content_type": 13, "object_id": "25", "object_repr": "Colby", "action_flag": 3, "change_message": ""}}, {"model": "admin.logentry", "pk": 95, "fields": {"action_time": "2022-03-15T01:08:01.511Z", "user": 1, "content_type": 13, "object_id": "24", "object_repr": "Colby", "action_flag": 3, "change_message": ""}}, {"model": "admin.logentry", "pk": 96, "fields": {"action_time": "2022-03-15T01:08:01.519Z", "user": 1, "content_type": 13, "object_id": "23", "object_repr": "Colby", "action_flag": 3, "change_message": ""}}, {"model": "admin.logentry", "pk": 97, "fields": {"action_time": "2022-03-15T01:08:01.527Z", "user": 1, "content_type": 13, "object_id": "22", "object_repr": "Colby", "action_flag": 3, "change_message": ""}}, {"model": "admin.logentry", "pk": 98, "fields": {"action_time": "2022-03-15T01:08:01.534Z", "user": 1, "content_type": 13, "object_id": "21", "object_repr": "Colby", "action_flag": 3, "change_message": ""}}, {"model": "admin.logentry", "pk": 99, "fields": {"action_time": "2022-03-15T01:08:01.541Z", "user": 1, "content_type": 13, "object_id": "20", "object_repr": "Colby", "action_flag": 3, "change_message": ""}}, {"model": "admin.logentry", "pk": 100, "fields": {"action_time": "2022-03-15T01:08:01.548Z", "user": 1, "content_type": 13, "object_id": "19", "object_repr": "Colby", "action_flag": 3, "change_message": ""}}, {"model": "admin.logentry", "pk": 101, "fields": {"action_time": "2022-03-15T01:08:01.555Z", "user": 1, "content_type": 13, "object_id": "18", "object_repr": "Colby", "action_flag": 3, "change_message": ""}}, {"model": "admin.logentry", "pk": 102, "fields": {"action_time": "2022-03-15T01:08:01.562Z", "user": 1, "content_type": 13, "object_id": "17", "object_repr": "Colby", "action_flag": 3, "change_message": ""}}, {"model": "admin.logentry", "pk": 103, "fields": {"action_time": "2022-03-15T01:08:01.570Z", "user": 1, "content_type": 13, "object_id": "16", "object_repr": "Colby", "action_flag": 3, "change_message": ""}}, {"model": "admin.logentry", "pk": 104, "fields": {"action_time": "2022-03-15T01:08:01.576Z", "user": 1, "content_type": 13, "object_id": "15", "object_repr": "Colby", "action_flag": 3, "change_message": ""}}, {"model": "admin.logentry", "pk": 105, "fields": {"action_time": "2022-03-15T01:08:01.583Z", "user": 1, "content_type": 13, "object_id": "14", "object_repr": "Colby", "action_flag": 3, "change_message": ""}}, {"model": "admin.logentry", "pk": 106, "fields": {"action_time": "2022-03-15T01:08:01.591Z", "user": 1, "content_type": 13, "object_id": "13", "object_repr": "Colby", "action_flag": 3, "change_message": ""}}, {"model": "admin.logentry", "pk": 107, "fields": {"action_time": "2022-03-15T01:08:01.599Z", "user": 1, "content_type": 13, "object_id": "12", "object_repr": "Colby", "action_flag": 3, "change_message": ""}}, {"model": "admin.logentry", "pk": 108, "fields": {"action_time": "2022-03-15T01:08:01.606Z", "user": 1, "content_type": 13, "object_id": "11", "object_repr": "Colby", "action_flag": 3, "change_message": ""}}, {"model": "admin.logentry", "pk": 109, "fields": {"action_time": "2022-03-15T01:08:01.613Z", "user": 1, "content_type": 13, "object_id": "10", "object_repr": "Colby", "action_flag": 3, "change_message": ""}}, {"model": "admin.logentry", "pk": 110, "fields": {"action_time": "2022-03-15T01:08:01.621Z", "user": 1, "content_type": 13, "object_id": "9", "object_repr": "Colby", "action_flag": 3, "change_message": ""}}, {"model": "admin.logentry", "pk": 111, "fields": {"action_time": "2022-03-15T01:08:01.629Z", "user": 1, "content_type": 13, "object_id": "8", "object_repr": "Colby", "action_flag": 3, "change_message": ""}}, {"model": "admin.logentry", "pk": 112, "fields": {"action_time": "2022-03-15T01:08:01.636Z", "user": 1, "content_type": 13, "object_id": "7", "object_repr": "Colby", "action_flag": 3, "change_message": ""}}, {"model": "admin.logentry", "pk": 113, "fields": {"action_time": "2022-03-15T01:08:01.643Z", "user": 1, "content_type": 13, "object_id": "6", "object_repr": "Colby", "action_flag": 3, "change_message": ""}}, {"model": "admin.logentry", "pk": 114, "fields": {"action_time": "2022-03-15T01:08:01.650Z", "user": 1, "content_type": 13, "object_id": "5", "object_repr": "Colby", "action_flag": 3, "change_message": ""}}, {"model": "admin.logentry", "pk": 115, "fields": {"action_time": "2022-03-15T01:08:01.656Z", "user": 1, "content_type": 13, "object_id": "4", "object_repr": "Colby", "action_flag": 3, "change_message": ""}}, {"model": "admin.logentry", "pk": 116, "fields": {"action_time": "2022-03-15T01:08:01.663Z", "user": 1, "content_type": 13, "object_id": "3", "object_repr": "Colby", "action_flag": 3, "change_message": ""}}, {"model": "admin.logentry", "pk": 117, "fields": {"action_time": "2022-03-15T01:08:01.670Z", "user": 1, "content_type": 13, "object_id": "2", "object_repr": "Colby", "action_flag": 3, "change_message": ""}}, {"model": "admin.logentry", "pk": 118, "fields": {"action_time": "2022-03-15T01:08:01.677Z", "user": 1, "content_type": 13, "object_id": "1", "object_repr": "Henry", "action_flag": 3, "change_message": ""}}, {"model": "admin.logentry", "pk": 119, "fields": {"action_time": "2022-03-15T01:23:03.279Z", "user": 1, "content_type": 13, "object_id": "44", "object_repr": "Colby", "action_flag": 3, "change_message": ""}}, {"model": "admin.logentry", "pk": 120, "fields": {"action_time": "2022-03-15T01:23:03.289Z", "user": 1, "content_type": 13, "object_id": "43", "object_repr": "Katherine", "action_flag": 3, "change_message": ""}}, {"model": "admin.logentry", "pk": 121, "fields": {"action_time": "2022-03-15T01:23:03.299Z", "user": 1, "content_type": 13, "object_id": "42", "object_repr": "Katherine", "action_flag": 3, "change_message": ""}}, {"model": "admin.logentry", "pk": 122, "fields": {"action_time": "2022-03-15T01:23:03.307Z", "user": 1, "content_type": 13, "object_id": "41", "object_repr": "Katherine", "action_flag": 3, "change_message": ""}}, {"model": "admin.logentry", "pk": 123, "fields": {"action_time": "2022-03-15T01:23:03.314Z", "user": 1, "content_type": 13, "object_id": "40", "object_repr": "Katherine", "action_flag": 3, "change_message": ""}}, {"model": "admin.logentry", "pk": 124, "fields": {"action_time": "2022-03-15T01:23:03.320Z", "user": 1, "content_type": 13, "object_id": "39", "object_repr": "Katherine", "action_flag": 3, "change_message": ""}}, {"model": "admin.logentry", "pk": 125, "fields": {"action_time": "2022-03-15T01:23:03.328Z", "user": 1, "content_type": 13, "object_id": "38", "object_repr": "Katherine", "action_flag": 3, "change_message": ""}}, {"model": "admin.logentry", "pk": 126, "fields": {"action_time": "2022-03-15T01:23:03.335Z", "user": 1, "content_type": 13, "object_id": "37", "object_repr": "Katherine", "action_flag": 3, "change_message": ""}}, {"model": "admin.logentry", "pk": 127, "fields": {"action_time": "2022-03-15T01:23:03.342Z", "user": 1, "content_type": 13, "object_id": "36", "object_repr": "Katherine", "action_flag": 3, "change_message": ""}}, {"model": "admin.logentry", "pk": 128, "fields": {"action_time": "2022-03-15T01:23:03.348Z", "user": 1, "content_type": 13, "object_id": "35", "object_repr": "Katherine", "action_flag": 3, "change_message": ""}}, {"model": "admin.logentry", "pk": 129, "fields": {"action_time": "2022-03-15T16:07:07.790Z", "user": 1, "content_type": 13, "object_id": "50", "object_repr": "Colby", "action_flag": 2, "change_message": "[{\"changed\": {\"fields\": [\"User\"]}}]"}}, {"model": "admin.logentry", "pk": 130, "fields": {"action_time": "2022-03-15T16:07:07.864Z", "user": 1, "content_type": 13, "object_id": "50", "object_repr": "Colby", "action_flag": 2, "change_message": "[]"}}, {"model": "admin.logentry", "pk": 131, "fields": {"action_time": "2022-03-15T20:00:07.387Z", "user": 1, "content_type": 13, "object_id": "59", "object_repr": "Colby", "action_flag": 2, "change_message": "[{\"changed\": {\"fields\": [\"User\"]}}]"}}, {"model": "admin.logentry", "pk": 132, "fields": {"action_time": "2022-03-16T21:46:48.235Z", "user": 1, "content_type": 7, "object_id": "1", "object_repr": "colbycouncil@gmail.com", "action_flag": 2, "change_message": "[{\"changed\": {\"fields\": [\"Phone number\"]}}]"}}, {"model": "admin.logentry", "pk": 133, "fields": {"action_time": "2022-03-18T02:15:11.511Z", "user": 1, "content_type": 16, "object_id": "1", "object_repr": "Colby", "action_flag": 1, "change_message": "[{\"added\": {}}]"}}, {"model": "admin.logentry", "pk": 134, "fields": {"action_time": "2022-03-18T02:15:55.159Z", "user": 1, "content_type": 16, "object_id": "1", "object_repr": "Colby", "action_flag": 2, "change_message": "[]"}}, {"model": "admin.logentry", "pk": 135, "fields": {"action_time": "2022-03-26T01:41:59.586Z", "user": 1, "content_type": 6, "object_id": "4", "object_repr": "Lamb", "action_flag": 2, "change_message": "[{\"changed\": {\"fields\": [\"Description\"]}}]"}}, {"model": "admin.logentry", "pk": 136, "fields": {"action_time": "2022-03-26T01:42:08.048Z", "user": 1, "content_type": 6, "object_id": "3", "object_repr": "Pork", "action_flag": 2, "change_message": "[{\"changed\": {\"fields\": [\"Description\"]}}]"}}, {"model": "admin.logentry", "pk": 137, "fields": {"action_time": "2022-03-26T01:42:16.568Z", "user": 1, "content_type": 6, "object_id": "2", "object_repr": "Poultry", "action_flag": 2, "change_message": "[{\"changed\": {\"fields\": [\"Description\"]}}]"}}, {"model": "admin.logentry", "pk": 138, "fields": {"action_time": "2022-03-26T01:42:23.764Z", "user": 1, "content_type": 6, "object_id": "1", "object_repr": "Beef", "action_flag": 2, "change_message": "[{\"changed\": {\"fields\": [\"Description\"]}}]"}}, {"model": "admin.logentry", "pk": 139, "fields": {"action_time": "2022-03-28T14:31:35.974Z", "user": 1, "content_type": 7, "object_id": "20", "object_repr": "czc0162@auburn.edu", "action_flag": 3, "change_message": ""}}, {"model": "admin.logentry", "pk": 140, "fields": {"action_time": "2022-03-28T14:58:59.562Z", "user": 1, "content_type": 7, "object_id": "22", "object_repr": "czc0162@auburn.edu", "action_flag": 3, "change_message": ""}}, {"model": "admin.logentry", "pk": 141, "fields": {"action_time": "2022-04-04T02:00:10.996Z", "user": 1, "content_type": 7, "object_id": "21", "object_repr": "ccoy123@gmail.com", "action_flag": 2, "change_message": "[{\"changed\": {\"fields\": [\"Is active\"]}}]"}}, {"model": "admin.logentry", "pk": 142, "fields": {"action_time": "2022-04-04T02:00:17.046Z", "user": 1, "content_type": 7, "object_id": "2", "object_repr": "john.doe@gmail.com", "action_flag": 2, "change_message": "[{\"changed\": {\"fields\": [\"Is active\"]}}]"}}, {"model": "auth.permission", "pk": 1, "fields": {"name": "Can add log entry", "content_type": 1, "codename": "add_logentry"}}, {"model": "auth.permission", "pk": 2, "fields": {"name": "Can change log entry", "content_type": 1, "codename": "change_logentry"}}, {"model": "auth.permission", "pk": 3, "fields": {"name": "Can delete log entry", "content_type": 1, "codename": "delete_logentry"}}, {"model": "auth.permission", "pk": 4, "fields": {"name": "Can view log entry", "content_type": 1, "codename": "view_logentry"}}, {"model": "auth.permission", "pk": 5, "fields": {"name": "Can add permission", "content_type": 2, "codename": "add_permission"}}, {"model": "auth.permission", "pk": 6, "fields": {"name": "Can change permission", "content_type": 2, "codename": "change_permission"}}, {"model": "auth.permission", "pk": 7, "fields": {"name": "Can delete permission", "content_type": 2, "codename": "delete_permission"}}, {"model": "auth.permission", "pk": 8, "fields": {"name": "Can view permission", "content_type": 2, "codename": "view_permission"}}, {"model": "auth.permission", "pk": 9, "fields": {"name": "Can add group", "content_type": 3, "codename": "add_group"}}, {"model": "auth.permission", "pk": 10, "fields": {"name": "Can change group", "content_type": 3, "codename": "change_group"}}, {"model": "auth.permission", "pk": 11, "fields": {"name": "Can delete group", "content_type": 3, "codename": "delete_group"}}, {"model": "auth.permission", "pk": 12, "fields": {"name": "Can view group", "content_type": 3, "codename": "view_group"}}, {"model": "auth.permission", "pk": 13, "fields": {"name": "Can add content type", "content_type": 4, "codename": "add_contenttype"}}, {"model": "auth.permission", "pk": 14, "fields": {"name": "Can change content type", "content_type": 4, "codename": "change_contenttype"}}, {"model": "auth.permission", "pk": 15, "fields": {"name": "Can delete content type", "content_type": 4, "codename": "delete_contenttype"}}, {"model": "auth.permission", "pk": 16, "fields": {"name": "Can view content type", "content_type": 4, "codename": "view_contenttype"}}, {"model": "auth.permission", "pk": 17, "fields": {"name": "Can add session", "content_type": 5, "codename": "add_session"}}, {"model": "auth.permission", "pk": 18, "fields": {"name": "Can change session", "content_type": 5, "codename": "change_session"}}, {"model": "auth.permission", "pk": 19, "fields": {"name": "Can delete session", "content_type": 5, "codename": "delete_session"}}, {"model": "auth.permission", "pk": 20, "fields": {"name": "Can view session", "content_type": 5, "codename": "view_session"}}, {"model": "auth.permission", "pk": 21, "fields": {"name": "Can add Category", "content_type": 6, "codename": "add_category"}}, {"model": "auth.permission", "pk": 22, "fields": {"name": "Can change Category", "content_type": 6, "codename": "change_category"}}, {"model": "auth.permission", "pk": 23, "fields": {"name": "Can delete Category", "content_type": 6, "codename": "delete_category"}}, {"model": "auth.permission", "pk": 24, "fields": {"name": "Can view Category", "content_type": 6, "codename": "view_category"}}, {"model": "auth.permission", "pk": 25, "fields": {"name": "Can add account", "content_type": 7, "codename": "add_account"}}, {"model": "auth.permission", "pk": 26, "fields": {"name": "Can change account", "content_type": 7, "codename": "change_account"}}, {"model": "auth.permission", "pk": 27, "fields": {"name": "Can delete account", "content_type": 7, "codename": "delete_account"}}, {"model": "auth.permission", "pk": 28, "fields": {"name": "Can view account", "content_type": 7, "codename": "view_account"}}, {"model": "auth.permission", "pk": 29, "fields": {"name": "Can add product", "content_type": 8, "codename": "add_product"}}, {"model": "auth.permission", "pk": 30, "fields": {"name": "Can change product", "content_type": 8, "codename": "change_product"}}, {"model": "auth.permission", "pk": 31, "fields": {"name": "Can delete product", "content_type": 8, "codename": "delete_product"}}, {"model": "auth.permission", "pk": 32, "fields": {"name": "Can view product", "content_type": 8, "codename": "view_product"}}, {"model": "auth.permission", "pk": 33, "fields": {"name": "Can add cart", "content_type": 9, "codename": "add_cart"}}, {"model": "auth.permission", "pk": 34, "fields": {"name": "Can change cart", "content_type": 9, "codename": "change_cart"}}, {"model": "auth.permission", "pk": 35, "fields": {"name": "Can delete cart", "content_type": 9, "codename": "delete_cart"}}, {"model": "auth.permission", "pk": 36, "fields": {"name": "Can view cart", "content_type": 9, "codename": "view_cart"}}, {"model": "auth.permission", "pk": 37, "fields": {"name": "Can add cart item", "content_type": 10, "codename": "add_cartitem"}}, {"model": "auth.permission", "pk": 38, "fields": {"name": "Can change cart item", "content_type": 10, "codename": "change_cartitem"}}, {"model": "auth.permission", "pk": 39, "fields": {"name": "Can delete cart item", "content_type": 10, "codename": "delete_cartitem"}}, {"model": "auth.permission", "pk": 40, "fields": {"name": "Can view cart item", "content_type": 10, "codename": "view_cartitem"}}, {"model": "auth.permission", "pk": 41, "fields": {"name": "Can add productgallery", "content_type": 11, "codename": "add_productgallery"}}, {"model": "auth.permission", "pk": 42, "fields": {"name": "Can change productgallery", "content_type": 11, "codename": "change_productgallery"}}, {"model": "auth.permission", "pk": 43, "fields": {"name": "Can delete productgallery", "content_type": 11, "codename": "delete_productgallery"}}, {"model": "auth.permission", "pk": 44, "fields": {"name": "Can view productgallery", "content_type": 11, "codename": "view_productgallery"}}, {"model": "auth.permission", "pk": 45, "fields": {"name": "Can add order product", "content_type": 12, "codename": "add_orderproduct"}}, {"model": "auth.permission", "pk": 46, "fields": {"name": "Can change order product", "content_type": 12, "codename": "change_orderproduct"}}, {"model": "auth.permission", "pk": 47, "fields": {"name": "Can delete order product", "content_type": 12, "codename": "delete_orderproduct"}}, {"model": "auth.permission", "pk": 48, "fields": {"name": "Can view order product", "content_type": 12, "codename": "view_orderproduct"}}, {"model": "auth.permission", "pk": 49, "fields": {"name": "Can add order", "content_type": 13, "codename": "add_order"}}, {"model": "auth.permission", "pk": 50, "fields": {"name": "Can change order", "content_type": 13, "codename": "change_order"}}, {"model": "auth.permission", "pk": 51, "fields": {"name": "Can delete order", "content_type": 13, "codename": "delete_order"}}, {"model": "auth.permission", "pk": 52, "fields": {"name": "Can view order", "content_type": 13, "codename": "view_order"}}, {"model": "auth.permission", "pk": 53, "fields": {"name": "Can add payment", "content_type": 14, "codename": "add_payment"}}, {"model": "auth.permission", "pk": 54, "fields": {"name": "Can change payment", "content_type": 14, "codename": "change_payment"}}, {"model": "auth.permission", "pk": 55, "fields": {"name": "Can delete payment", "content_type": 14, "codename": "delete_payment"}}, {"model": "auth.permission", "pk": 56, "fields": {"name": "Can view payment", "content_type": 14, "codename": "view_payment"}}, {"model": "auth.permission", "pk": 57, "fields": {"name": "Can add variation", "content_type": 15, "codename": "add_variation"}}, {"model": "auth.permission", "pk": 58, "fields": {"name": "Can change variation", "content_type": 15, "codename": "change_variation"}}, {"model": "auth.permission", "pk": 59, "fields": {"name": "Can delete variation", "content_type": 15, "codename": "delete_variation"}}, {"model": "auth.permission", "pk": 60, "fields": {"name": "Can view variation", "content_type": 15, "codename": "view_variation"}}, {"model": "auth.permission", "pk": 61, "fields": {"name": "Can add user profile", "content_type": 16, "codename": "add_userprofile"}}, {"model": "auth.permission", "pk": 62, "fields": {"name": "Can change user profile", "content_type": 16, "codename": "change_userprofile"}}, {"model": "auth.permission", "pk": 63, "fields": {"name": "Can delete user profile", "content_type": 16, "codename": "delete_userprofile"}}, {"model": "auth.permission", "pk": 64, "fields": {"name": "Can view user profile", "content_type": 16, "codename": "view_userprofile"}}, {"model": "auth.permission", "pk": 65, "fields": {"name": "Can add login attempt", "content_type": 17, "codename": "add_loginattempt"}}, {"model": "auth.permission", "pk": 66, "fields": {"name": "Can change login attempt", "content_type": 17, "codename": "change_loginattempt"}}, {"model": "auth.permission", "pk": 67, "fields": {"name": "Can delete login attempt", "content_type": 17, "codename": "delete_loginattempt"}}, {"model": "auth.permission", "pk": 68, "fields": {"name": "Can view login attempt", "content_type": 17, "codename": "view_loginattempt"}}, {"model": "contenttypes.contenttype", "pk": 1, "fields": {"app_label": "admin", "model": "logentry"}}, {"model": "contenttypes.contenttype", "pk": 2, "fields": {"app_label": "auth", "model": "permission"}}, {"model": "contenttypes.contenttype", "pk": 3, "fields": {"app_label": "auth", "model": "group"}}, {"model": "contenttypes.contenttype", "pk": 4, "fields": {"app_label": "contenttypes", "model": "contenttype"}}, {"model": "contenttypes.contenttype", "pk": 5, "fields": {"app_label": "sessions", "model": "session"}}, {"model": "contenttypes.contenttype", "pk": 6, "fields": {"app_label": "category", "model": "category"}}, {"model": "contenttypes.contenttype", "pk": 7, "fields": {"app_label": "accounts", "model": "account"}}, {"model": "contenttypes.contenttype", "pk": 8, "fields": {"app_label": "store", "model": "product"}}, {"model": "contenttypes.contenttype", "pk": 9, "fields": {"app_label": "carts", "model": "cart"}}, {"model": "contenttypes.contenttype", "pk": 10, "fields": {"app_label": "carts", "model": "cartitem"}}, {"model": "contenttypes.contenttype", "pk": 11, "fields": {"app_label": "store", "model": "productgallery"}}, {"model": "contenttypes.contenttype", "pk": 12, "fields": {"app_label": "orders", "model": "orderproduct"}}, {"model": "contenttypes.contenttype", "pk": 13, "fields": {"app_label": "orders", "model": "order"}}, {"model": "contenttypes.contenttype", "pk": 14, "fields": {"app_label": "orders", "model": "payment"}}, {"model": "contenttypes.contenttype", "pk": 15, "fields": {"app_label": "store", "model": "variation"}}, {"model": "contenttypes.contenttype", "pk": 16, "fields": {"app_label": "accounts", "model": "userprofile"}}, {"model": "contenttypes.contenttype", "pk": 17, "fields": {"app_label": "admin_honeypot", "model": "loginattempt"}}, {"model": "sessions.session", "pk": "1p17ratyhjwdbaordi7b52mabpclwg60", "fields": {"session_data": "eyJfc2Vzc2lvbl9pbml0X3RpbWVzdGFtcF8iOjE2NDk0Mjc1MDIuMzMyODc2NH0:1ncpRO:K92t7-JENQgT7uusuJQ7FnZKHuztxgfx7oNCdNhieUI", "expire_date": "2022-04-22T14:18:22.359Z"}}, {"model": "sessions.session", "pk": "8refvf0gwfmsad9qhgvvnps68n4ehsnt", "fields": {"session_data": "eyJfc2Vzc2lvbl9pbml0X3RpbWVzdGFtcF8iOjE2NDg0ODAwMzYuODc1MTAyNX0:1nYqxg:t7mNyvafNMVsw-rhT0hqfc7ZWmJuome6ISUo8C-wfzI", "expire_date": "2022-04-11T15:07:16.974Z"}}, {"model": "sessions.session", "pk": "d19spgwl5jeqgru1923ledhmd259igdr", "fields": {"session_data": "e30:1na2a7:fxLFrR4Wo9MQ4aO7EoCKce0qFz9WvkIvkSTNvo4CZS8", "expire_date": "2022-04-14T21:43:51.828Z"}}, {"model": "sessions.session", "pk": "fglak6msryrezd5iq4plau269tl3uaa1", "fields": {"session_data": ".eJxVjDsOgzAQRO_iOrIwn-xCmT5nsNa7JjgJdoRNFeXuAYmGaqR5b-arbPY5hxRtiKHYEmafC80fqwZzbfvamK42GrEFqNqLsrSWya7ZLzaIGpRRp84Rv3zcgTwpPpLmFMsSnN4VfdCs70n8-3a4p4OJ8rStcWxgdL4mgV4Ee0GoeYuxajoGJu9GqJiBWnJM0CA7QhTXiRA2vVG_Pz7BR-8:1nbvFp:kkW5VnFoiXgqe28mJjXtCI78IAJiq5oYbgc7kqWnMbI", "expire_date": "2022-04-20T02:18:41.939Z"}}, {"model": "sessions.session", "pk": "h8t08f6t6v3f2k7bczufenz44uvoud0m", "fields": {"session_data": ".eJxVjMEOwiAQRP-FsyFQBFeP3v2GZll2pWogKe3J-O-WpAdN5jTz3rzViOuSx7XxPE5JXZRVh98uIj259CE9sNyrplqWeYq6I3pfm77VxK_rzv4dZGx5s5mPFAIAe0smgHU-wkASnfjEAEZEggieTKSBes4OAA2h3TQyRn2-_kk4wg:1nK4kz:yODbamZxwRjSJNS4LbDuC7MX4QssAqlRWak7nCjYRos", "expire_date": "2022-03-01T20:49:05.594Z"}}, {"model": "sessions.session", "pk": "i09059xairfx3u0ztcpi1frf8ay6jod2", "fields": {"session_data": ".eJxtjEEOwiAQRe_C2hAoIODSfc9AZphRqoYmpayMd7dNujFx-9_77y36ROIitDiJBH0tqTde0r8NIT-57oAeUO-zzHNdlwnlrsiDNjnOxK_r4f4ECrSyvb26KUM2R3SEMAzZawsOYshOW7V12EQi1iqf2Qey6EMwJmDwOtqILD5flxE6aA:1nS8oV:ZZEbFKoMlaZ6QOgZxNgdZp51w1EG9AISIRT9zJKJHWw", "expire_date": "2022-03-24T02:46:03.555Z"}}, {"model": "sessions.session", "pk": "lvxsnkp0tl663ctkq36ig4mjeo6xewr5", "fields": {"session_data": ".eJxVjDsOgzAQRO_iOrIwv10o0-cM1nrXDs7HRNhUUe4ekGioRjNvZr7KZp9znJONKRZb4tvnQu-PVaPpWzRdD9BpHOrN1BdlaS2TXbNfbBQ1KqNOmSN--rQDeVC6z5rnVJbo9F7RB836Not_XY_u6WCiPG1rDA0E52sSGERwEISaNwlV0zEweRegYgZqyTFBg-wIUVwnQtgMRv3-TC5IAg:1nXUro:8ae8k_WdWvzOSzWjkDeLg9VCIuAY1B2sik22IILbCms", "expire_date": "2022-04-07T21:19:36.338Z"}}, {"model": "sessions.session", "pk": "mbm8ioz67oo9es8a4hgsvqb2wozv21fe", "fields": {"session_data": ".eJxVjMEOwiAQRP-FsyFQBFeP3v2GZll2pWogKe3J-O-WpAdN5jTz3rzViOuSx7XxPE5JXZRVh98uIj259CE9sNyrplqWeYq6I3pfm77VxK_rzv4dZGx5s5mPFAIAe0smgHU-wkASnfjEAEZEggieTKSBes4OAA2h3TQyRn2-_kk4wg:1nK0s2:5igU9qY3KnLtW9dJkk0z-PVXSRU19KRIH7_ZtHnm9r4", "expire_date": "2022-03-01T16:40:06.311Z"}}, {"model": "sessions.session", "pk": "ydfyfdyqm2k4rkf3q5obnsdrvtose60k", "fields": {"session_data": "e30:1nbYBm:jw7fcRpJH32iJL1xRZcXRbGVUR670Wy-G3EDQfyi7-A", "expire_date": "2022-04-19T01:40:58.431Z"}}, {"model": "category.category", "pk": 1, "fields": {"category_name": "Beef", "slug": "beef", "description": "Beef Products", "cat_image": "photos/categories/shirts.jpg"}}, {"model": "category.category", "pk": 2, "fields": {"category_name": "Poultry", "slug": "poultry", "description": "Poultry Products", "cat_image": ""}}, {"model": "category.category", "pk": 3, "fields": {"category_name": "Pork", "slug": "pork", "description": "Pork Products", "cat_image": ""}}, {"model": "category.category", "pk": 4, "fields": {"category_name": "Lamb", "slug": "lamb", "description": "Lamb Products", "cat_image": ""}}, {"model": "accounts.account", "pk": 1, "fields": {"password": "pbkdf2_sha256$216000$58gej2zXk546$hheJ9bD+VsxST7vghEPxX4bLONACi31ua0WtuDP2/RE=", "first_name": "Colby", "last_name": "Council", "username": "DjangoAdmin", "email": "colbycouncil@gmail.com", "phone_number": "229-349-3165", "date_joined": "2022-02-15T16:39:07.850Z", "last_login": "2022-04-06T02:17:48.107Z", "is_admin": true, "is_staff": true, "is_active": true, "is_superadmin": true}}, {"model": "accounts.account", "pk": 2, "fields": {"password": "pbkdf2_sha256$216000$0fuG4UWhOwBS$1CP1EYR99gTwtRNkam2mx1kQm+JB41MHShflYBETKNM=", "first_name": "John", "last_name": "Doe", "username": "john.doe", "email": "john.doe@gmail.com", "phone_number": "123456789", "date_joined": "2022-03-04T03:05:21.370Z", "last_login": "2022-03-04T03:05:21.370Z", "is_admin": false, "is_staff": false, "is_active": true, "is_superadmin": false}}, {"model": "accounts.account", "pk": 21, "fields": {"password": "pbkdf2_sha256$216000$CLpMlNJOx4nC$VDCnsJwUYscf0lSxiV+HNp4IPeMEcLrp1wNg6ZrX04s=", "first_name": "C", "last_name": "Coy", "username": "ccoy123", "email": "ccoy123@gmail.com", "phone_number": "1234567890", "date_joined": "2022-03-19T02:28:50.142Z", "last_login": "2022-03-19T02:28:50.142Z", "is_admin": false, "is_staff": false, "is_active": true, "is_superadmin": false}}, {"model": "accounts.account", "pk": 23, "fields": {"password": "pbkdf2_sha256$216000$tMrcjqnBAL91$+qASWjPfmm4eTUR54gzPIDI2wL7EZos4+fJs9rAbe8o=", "first_name": "Henry", "last_name": "Franklin", "username": "czc0162", "email": "czc0162@auburn.edu", "phone_number": "2293493165", "date_joined": "2022-03-28T14:59:27.778Z", "last_login": "2022-03-28T14:59:27.778Z", "is_admin": false, "is_staff": false, "is_active": true, "is_superadmin": false}}, {"model": "accounts.userprofile", "pk": 1, "fields": {"user": 1, "address_line_1": "2706 Pine Valley Rd", "address_line_2": "", "profile_pic": "userprofile/2019-12-01_150735_2.jpg", "city": "Albany", "state": "Ga", "zip_code": "31707"}}, {"model": "accounts.userprofile", "pk": 2, "fields": {"user": 21, "address_line_1": "", "address_line_2": "", "profile_pic": "", "city": "", "state": "", "zip_code": ""}}, {"model": "accounts.userprofile", "pk": 4, "fields": {"user": 23, "address_line_1": "", "address_line_2": "", "profile_pic": "default/default-user.png", "city": "", "state": "", "zip_code": ""}}, {"model": "store.product", "pk": 1, "fields": {"product_name": "Ground Beef", "slug": "ground-beef", "description": "Ground Beef - 1lb", "price": 7, "images": "photos/products/istockphoto-1053198214-1024x1024.jpg", "stock": 20, "is_available": true, "category": 1, "created_date": "2022-02-16T02:35:21.592Z", "modified_date": "2022-02-16T02:35:21.592Z"}}, {"model": "store.product", "pk": 2, "fields": {"product_name": "Sirloin", "slug": "sirloin", "description": "Sirloin - 1lb", "price": 12, "images": "photos/products/Sirloin-Steak.jpg", "stock": 25, "is_available": true, "category": 1, "created_date": "2022-02-16T02:42:50.375Z", "modified_date": "2022-02-16T02:42:50.375Z"}}, {"model": "store.product", "pk": 3, "fields": {"product_name": "Ribeye", "slug": "ribeye", "description": "Ribeye (Bone in)", "price": 18, "images": "photos/products/istockphoto-474174718-1024x1024.jpg", "stock": 5, "is_available": true, "category": 1, "created_date": "2022-02-16T02:44:28.658Z", "modified_date": "2022-02-16T02:44:28.658Z"}}, {"model": "store.product", "pk": 4, "fields": {"product_name": "New York Strip", "slug": "new-york-strip", "description": "New York Strip Steak", "price": 16, "images": "photos/products/nystripistockphoto-155357812-1024x1024.jpg", "stock": 9, "is_available": true, "category": 1, "created_date": "2022-02-16T02:45:40.147Z", "modified_date": "2022-02-16T02:45:40.147Z"}}, {"model": "store.product", "pk": 5, "fields": {"product_name": "Filet Mignon", "slug": "filet-mignon", "description": "Filet Mignon", "price": 22, "images": "photos/products/filetmignonistockphoto-502723298-170667a.jpg", "stock": 10, "is_available": true, "category": 1, "created_date": "2022-02-16T02:46:52.153Z", "modified_date": "2022-02-16T02:46:52.153Z"}}, {"model": "store.product", "pk": 6, "fields": {"product_name": "Chicken (Whole)", "slug": "chicken-whole", "description": "Whole Chicken - avg 5 lb", "price": 5, "images": "photos/products/depositphotos_180338440-stock-photo-fresh-whole-chicken-white-background.jpg", "stock": 30, "is_available": true, "category": 2, "created_date": "2022-02-16T02:48:27.420Z", "modified_date": "2022-02-16T02:48:27.420Z"}}, {"model": "store.product", "pk": 7, "fields": {"product_name": "Dozen Eggs", "slug": "dozen-eggs", "description": "Dozen Eggs Organic", "price": 5, "images": "photos/products/eggsistockphoto-1137140346-170667a.jpg", "stock": 32, "is_available": true, "category": 2, "created_date": "2022-02-16T02:50:36.907Z", "modified_date": "2022-02-16T02:50:36.907Z"}}, {"model": "store.product", "pk": 8, "fields": {"product_name": "Bacon", "slug": "bacon", "description": "Bacon - 1lb", "price": 10, "images": "photos/products/porkbacon.jpeg", "stock": 22, "is_available": true, "category": 3, "created_date": "2022-02-16T02:53:27.079Z", "modified_date": "2022-02-16T02:53:27.079Z"}}, {"model": "store.product", "pk": 9, "fields": {"product_name": "Pork Chops", "slug": "pork-chops", "description": "Pork Chops (Bone in)", "price": 10, "images": "photos/products/porkchopsistockphoto-95825987-1024x1024.jpg", "stock": 7, "is_available": true, "category": 3, "created_date": "2022-02-16T02:54:39.915Z", "modified_date": "2022-02-16T02:54:39.915Z"}}, {"model": "store.product", "pk": 10, "fields": {"product_name": "Boston Butt", "slug": "boston-butt", "description": "Boston Butt (avg 4 lbs)", "price": 8, "images": "photos/products/Pork-Bone-Out-5956-1024x1024.jpg", "stock": 10, "is_available": true, "category": 3, "created_date": "2022-02-16T02:56:16.296Z", "modified_date": "2022-02-16T02:56:16.296Z"}}, {"model": "store.product", "pk": 11, "fields": {"product_name": "Ham (Whole, Smoked)", "slug": "ham-whole-smoked", "description": "Ham (Whole, Smoked) avg 4 lbs", "price": 10, "images": "photos/products/smoked_hamistockphoto-182369501-170667a.jpg", "stock": 5, "is_available": true, "category": 3, "created_date": "2022-02-16T02:57:34.716Z", "modified_date": "2022-02-16T02:57:34.716Z"}}, {"model": "store.product", "pk": 12, "fields": {"product_name": "Ground Lamb", "slug": "ground-lamb", "description": "Ground Lamb - 1lb", "price": 14, "images": "photos/products/lamb.jpg", "stock": 12, "is_available": true, "category": 4, "created_date": "2022-02-16T02:59:34.283Z", "modified_date": "2022-02-18T18:03:49.803Z"}}, {"model": "store.product", "pk": 13, "fields": {"product_name": "Lamb Chops", "slug": "lamb-chops", "description": "Lamb Chops - 1 lb", "price": 17, "images": "photos/products/lambchops.jpg", "stock": 4, "is_available": true, "category": 4, "created_date": "2022-02-16T03:00:44.671Z", "modified_date": "2022-02-16T03:00:44.671Z"}}, {"model": "store.product", "pk": 14, "fields": {"product_name": "Leg of Lamb", "slug": "leg-lamb", "description": "Leg of Lamb - Avg 4 lb", "price": 12, "images": "photos/products/legoflamb.jpg", "stock": 19, "is_available": true, "category": 4, "created_date": "2022-02-16T03:02:29.258Z", "modified_date": "2022-02-16T03:02:29.258Z"}}, {"model": "carts.cart", "pk": 11, "fields": {"cart_id": "yr537ecoakvvi30pb4hmjpque0lk8rpz", "date_added": "2022-03-13"}}, {"model": "carts.cart", "pk": 12, "fields": {"cart_id": "vtpksw4l86th3e742oe7mnxg4ta2qsfd", "date_added": "2022-03-28"}}, {"model": "carts.cart", "pk": 13, "fields": {"cart_id": "4wr1iwds76ejix7zhqutn5thr0rkgf9g", "date_added": "2022-04-08"}}, {"model": "carts.cart", "pk": 14, "fields": {"cart_id": "1p17ratyhjwdbaordi7b52mabpclwg60", "date_added": "2022-04-08"}}, {"model": "carts.cartitem", "pk": 58, "fields": {"user": null, "product": 13, "cart": 11, "quantity": 1, "is_active": true, "variations": []}}, {"model": "carts.cartitem", "pk": 80, "fields": {"user": 1, "product": 3, "cart": null, "quantity": 1, "is_active": true, "variations": []}}, {"model": "carts.cartitem", "pk": 81, "fields": {"user": 1, "product": 5, "cart": null, "quantity": 1, "is_active": true, "variations": []}}, {"model": "carts.cartitem", "pk": 82, "fields": {"user": 1, "product": 2, "cart": null, "quantity": 1, "is_active": true, "variations": []}}, {"model": "carts.cartitem", "pk": 83, "fields": {"user": null, "product": 2, "cart": 12, "quantity": 1, "is_active": true, "variations": []}}, {"model": "carts.cartitem", "pk": 84, "fields": {"user": null, "product": 5, "cart": 12, "quantity": 1, "is_active": true, "variations": []}}, {"model": "carts.cartitem", "pk": 86, "fields": {"user": null, "product": 1, "cart": 13, "quantity": 4, "is_active": true, "variations": []}}, {"model": "carts.cartitem", "pk": 87, "fields": {"user": null, "product": 3, "cart": 14, "quantity": 1, "is_active": true, "variations": []}}, {"model": "orders.order", "pk": 45, "fields": {"user": null, "payment": null, "order_number": "2022031445", "first_name": "Katherine", "last_name": "Council", "phone": "2298813935", "email": "krcouncil3@gmail.com", "address_line_1": "1001 South Lee Street", "address_line_2": "", "city": "Americus", "state": "Ga", "zip_code": "31709", "order_note": "", "order_total": 18.36, "tax": 0.36, "status": "New", "ip": "127.0.0.1", "is_ordered": false, "created_at": "2022-03-15T01:48:21.157Z", "updated_at": "2022-03-15T01:48:21.166Z"}}, {"model": "orders.order", "pk": 46, "fields": {"user": null, "payment": null, "order_number": "2022031546", "first_name": "Colby", "last_name": "Council", "phone": "2293493165", "email": "ccounci2@students.kennesaw.edu", "address_line_1": "4557 Hickory Forest Dr", "address_line_2": "", "city": "Acworth", "state": "GA", "zip_code": "31709", "order_note": "", "order_total": 18.36, "tax": 0.36, "status": "New", "ip": "127.0.0.1", "is_ordered": false, "created_at": "2022-03-15T15:26:09.763Z", "updated_at": "2022-03-15T15:26:09.772Z"}}, {"model": "orders.order", "pk": 47, "fields": {"user": null, "payment": null, "order_number": "2022031547", "first_name": "Colby", "last_name": "Council", "phone": "2293493165", "email": "ccounci2@students.kennesaw.edu", "address_line_1": "4557 Hickory Forest Dr", "address_line_2": "", "city": "Acworth", "state": "GA", "zip_code": "31709", "order_note": "", "order_total": 18.36, "tax": 0.36, "status": "New", "ip": "127.0.0.1", "is_ordered": false, "created_at": "2022-03-15T15:26:20.457Z", "updated_at": "2022-03-15T15:26:20.466Z"}}, {"model": "orders.order", "pk": 48, "fields": {"user": null, "payment": null, "order_number": "2022031548", "first_name": "Colby", "last_name": "Council", "phone": "2293493165", "email": "ccounci2@students.kennesaw.edu", "address_line_1": "4557 Hickory Forest Dr", "address_line_2": "", "city": "Acworth", "state": "GA", "zip_code": "31709", "order_note": "", "order_total": 18.36, "tax": 0.36, "status": "New", "ip": "127.0.0.1", "is_ordered": false, "created_at": "2022-03-15T15:32:01.034Z", "updated_at": "2022-03-15T15:32:01.043Z"}}, {"model": "orders.order", "pk": 49, "fields": {"user": null, "payment": null, "order_number": "2022031549", "first_name": "Colby", "last_name": "Council", "phone": "2293493165", "email": "ccounci2@students.kennesaw.edu", "address_line_1": "4557 Hickory Forest Dr", "address_line_2": "", "city": "Acworth", "state": "GA", "zip_code": "31709", "order_note": "", "order_total": 18.36, "tax": 0.36, "status": "New", "ip": "127.0.0.1", "is_ordered": false, "created_at": "2022-03-15T15:32:32.079Z", "updated_at": "2022-03-15T15:32:32.087Z"}}, {"model": "orders.order", "pk": 50, "fields": {"user": 1, "payment": null, "order_number": "2022031550", "first_name": "Colby", "last_name": "Council", "phone": "2293493165", "email": "ccounci2@students.kennesaw.edu", "address_line_1": "4557 Hickory Forest Dr", "address_line_2": "", "city": "Acworth", "state": "GA", "zip_code": "31709", "order_note": "", "order_total": 18.36, "tax": 0.36, "status": "New", "ip": "127.0.0.1", "is_ordered": false, "created_at": "2022-03-15T15:33:31.767Z", "updated_at": "2022-03-15T16:07:07.860Z"}}, {"model": "orders.order", "pk": 51, "fields": {"user": null, "payment": null, "order_number": "2022031551", "first_name": "Colby", "last_name": "Council", "phone": "2293493165", "email": "colbycouncil@gmail.com", "address_line_1": "2706 Pine Valley Rd", "address_line_2": "", "city": "Albany", "state": "GA", "zip_code": "31707", "order_note": "Test", "order_total": 18.36, "tax": 0.36, "status": "New", "ip": "127.0.0.1", "is_ordered": false, "created_at": "2022-03-15T15:53:02.325Z", "updated_at": "2022-03-15T15:53:02.333Z"}}, {"model": "orders.order", "pk": 52, "fields": {"user": null, "payment": null, "order_number": "2022031552", "first_name": "Katherine", "last_name": "Council", "phone": "2298813935", "email": "krcouncil3@gmail.com", "address_line_1": "1001 South Lee Street", "address_line_2": "", "city": "Americus", "state": "Ga", "zip_code": "31709", "order_note": "", "order_total": 22.44, "tax": 0.44, "status": "New", "ip": "127.0.0.1", "is_ordered": false, "created_at": "2022-03-15T15:53:52.377Z", "updated_at": "2022-03-15T15:53:52.385Z"}}, {"model": "orders.order", "pk": 53, "fields": {"user": null, "payment": null, "order_number": "2022031553", "first_name": "Katherine", "last_name": "Council", "phone": "2298813935", "email": "krcouncil3@gmail.com", "address_line_1": "1001 South Lee Street", "address_line_2": "", "city": "Americus", "state": "Ga", "zip_code": "31709", "order_note": "", "order_total": 22.44, "tax": 0.44, "status": "New", "ip": "127.0.0.1", "is_ordered": false, "created_at": "2022-03-15T15:54:26.684Z", "updated_at": "2022-03-15T15:54:26.697Z"}}, {"model": "orders.order", "pk": 54, "fields": {"user": null, "payment": null, "order_number": "2022031554", "first_name": "Katherine", "last_name": "Council", "phone": "2298813935", "email": "krcouncil3@gmail.com", "address_line_1": "1001 South Lee Street", "address_line_2": "", "city": "Americus", "state": "Ga", "zip_code": "31709", "order_note": "", "order_total": 22.44, "tax": 0.44, "status": "New", "ip": "127.0.0.1", "is_ordered": false, "created_at": "2022-03-15T16:15:47.075Z", "updated_at": "2022-03-15T16:15:47.082Z"}}, {"model": "orders.order", "pk": 55, "fields": {"user": null, "payment": null, "order_number": "2022031555", "first_name": "Katherine", "last_name": "Council", "phone": "2298813935", "email": "krcouncil3@gmail.com", "address_line_1": "1001 South Lee Street", "address_line_2": "", "city": "Americus", "state": "Ga", "zip_code": "31709", "order_note": "", "order_total": 22.44, "tax": 0.44, "status": "New", "ip": "127.0.0.1", "is_ordered": false, "created_at": "2022-03-15T16:58:00.535Z", "updated_at": "2022-03-15T16:58:00.543Z"}}, {"model": "orders.order", "pk": 56, "fields": {"user": null, "payment": null, "order_number": "2022031556", "first_name": "Katherine", "last_name": "Council", "phone": "2298813935", "email": "krcouncil3@gmail.com", "address_line_1": "1001 South Lee Street", "address_line_2": "", "city": "Americus", "state": "Ga", "zip_code": "31709", "order_note": "", "order_total": 22.44, "tax": 0.44, "status": "New", "ip": "127.0.0.1", "is_ordered": false, "created_at": "2022-03-15T16:59:45.972Z", "updated_at": "2022-03-15T16:59:45.979Z"}}, {"model": "orders.order", "pk": 57, "fields": {"user": null, "payment": null, "order_number": "2022031557", "first_name": "Katherine", "last_name": "Council", "phone": "2298813935", "email": "krcouncil3@gmail.com", "address_line_1": "1001 South Lee Street", "address_line_2": "", "city": "Americus", "state": "Ga", "zip_code": "31709", "order_note": "", "order_total": 22.44, "tax": 0.44, "status": "New", "ip": "127.0.0.1", "is_ordered": false, "created_at": "2022-03-15T16:59:58.361Z", "updated_at": "2022-03-15T16:59:58.371Z"}}, {"model": "orders.order", "pk": 58, "fields": {"user": null, "payment": null, "order_number": "2022031558", "first_name": "Colby", "last_name": "Council", "phone": "2293493165", "email": "colbycouncil@gmail.com", "address_line_1": "2706 Pine Valley Rd", "address_line_2": "", "city": "Albany", "state": "GA", "zip_code": "31707", "order_note": "Test", "order_total": 5.1, "tax": 0.1, "status": "New", "ip": "127.0.0.1", "is_ordered": false, "created_at": "2022-03-15T19:44:02.439Z", "updated_at": "2022-03-15T19:44:02.446Z"}}, {"model": "orders.order", "pk": 59, "fields": {"user": 1, "payment": null, "order_number": "2022031559", "first_name": "Colby", "last_name": "Council", "phone": "2293493165", "email": "colbycouncil@gmail.com", "address_line_1": "2706 Pine Valley Rd", "address_line_2": "", "city": "Albany", "state": "Ga", "zip_code": "31707", "order_note": "Test", "order_total": 5.1, "tax": 0.1, "status": "New", "ip": "127.0.0.1", "is_ordered": false, "created_at": "2022-03-15T19:48:20.437Z", "updated_at": "2022-03-15T20:00:07.383Z"}}, {"model": "orders.order", "pk": 60, "fields": {"user": null, "payment": null, "order_number": "2022031560", "first_name": "Colby", "last_name": "Council", "phone": "2293493165", "email": "colbycouncil@gmail.com", "address_line_1": "2706 Pine Valley Rd", "address_line_2": "", "city": "Albany", "state": "Ga", "zip_code": "31707", "order_note": "Test", "order_total": 5.1, "tax": 0.1, "status": "New", "ip": "127.0.0.1", "is_ordered": false, "created_at": "2022-03-15T20:01:47.816Z", "updated_at": "2022-03-15T20:01:47.825Z"}}, {"model": "orders.order", "pk": 61, "fields": {"user": null, "payment": null, "order_number": "2022031561", "first_name": "Colby", "last_name": "Council", "phone": "2293493165", "email": "colbycouncil@gmail.com", "address_line_1": "2706 Pine Valley Rd", "address_line_2": "", "city": "Albany", "state": "Ga", "zip_code": "31707", "order_note": "Test", "order_total": 5.1, "tax": 0.1, "status": "New", "ip": "127.0.0.1", "is_ordered": false, "created_at": "2022-03-15T20:02:04.522Z", "updated_at": "2022-03-15T20:02:04.532Z"}}, {"model": "orders.order", "pk": 62, "fields": {"user": null, "payment": null, "order_number": "2022031562", "first_name": "Colby", "last_name": "Council", "phone": "2293493165", "email": "colbycouncil@gmail.com", "address_line_1": "2706 Pine Valley Rd", "address_line_2": "", "city": "Albany", "state": "Ga", "zip_code": "31707", "order_note": "Test", "order_total": 5.1, "tax": 0.1, "status": "New", "ip": "127.0.0.1", "is_ordered": false, "created_at": "2022-03-15T20:03:16.741Z", "updated_at": "2022-03-15T20:03:16.748Z"}}, {"model": "orders.order", "pk": 63, "fields": {"user": null, "payment": null, "order_number": "2022031563", "first_name": "Katherine", "last_name": "Council", "phone": "2298813935", "email": "krcouncil3@gmail.com", "address_line_1": "1001 South Lee Street", "address_line_2": "", "city": "Americus", "state": "Ga", "zip_code": "31709", "order_note": "", "order_total": 5.1, "tax": 0.1, "status": "New", "ip": "127.0.0.1", "is_ordered": false, "created_at": "2022-03-16T01:53:28.465Z", "updated_at": "2022-03-16T01:53:28.477Z"}}, {"model": "orders.order", "pk": 64, "fields": {"user": null, "payment": null, "order_number": "2022031564", "first_name": "Colby", "last_name": "Council", "phone": "2293493165", "email": "ccounci2@students.kennesaw.edu", "address_line_1": "4557 Hickory Forest Dr", "address_line_2": "", "city": "Acworth", "state": "GA", "zip_code": "31709", "order_note": "", "order_total": 5.1, "tax": 0.1, "status": "New", "ip": "127.0.0.1", "is_ordered": false, "created_at": "2022-03-16T02:00:56.200Z", "updated_at": "2022-03-16T02:00:56.211Z"}}, {"model": "orders.order", "pk": 65, "fields": {"user": null, "payment": null, "order_number": "2022031565", "first_name": "Colby", "last_name": "Council", "phone": "2293493165", "email": "ccounci2@students.kennesaw.edu", "address_line_1": "4557 Hickory Forest Dr", "address_line_2": "", "city": "Acworth", "state": "GA", "zip_code": "31709", "order_note": "", "order_total": 5.1, "tax": 0.1, "status": "New", "ip": "127.0.0.1", "is_ordered": false, "created_at": "2022-03-16T02:14:20.100Z", "updated_at": "2022-03-16T02:14:20.111Z"}}, {"model": "orders.order", "pk": 66, "fields": {"user": null, "payment": null, "order_number": "2022031566", "first_name": "Colby", "last_name": "Council", "phone": "2293493165", "email": "ccounci2@students.kennesaw.edu", "address_line_1": "4557 Hickory Forest Dr", "address_line_2": "", "city": "Acworth", "state": "GA", "zip_code": "31709", "order_note": "", "order_total": 5.1, "tax": 0.1, "status": "New", "ip": "127.0.0.1", "is_ordered": false, "created_at": "2022-03-16T02:16:27.345Z", "updated_at": "2022-03-16T02:16:27.355Z"}}, {"model": "orders.order", "pk": 67, "fields": {"user": null, "payment": null, "order_number": "2022031567", "first_name": "Colby", "last_name": "Council", "phone": "2293493165", "email": "ccounci2@students.kennesaw.edu", "address_line_1": "4557 Hickory Forest Dr", "address_line_2": "", "city": "Acworth", "state": "GA", "zip_code": "31709", "order_note": "", "order_total": 5.1, "tax": 0.1, "status": "New", "ip": "127.0.0.1", "is_ordered": false, "created_at": "2022-03-16T02:16:28.437Z", "updated_at": "2022-03-16T02:16:28.446Z"}}, {"model": "orders.order", "pk": 68, "fields": {"user": null, "payment": null, "order_number": "2022031568", "first_name": "Colby", "last_name": "Council", "phone": "2293493165", "email": "ccounci2@students.kennesaw.edu", "address_line_1": "4557 Hickory Forest Dr", "address_line_2": "", "city": "Acworth", "state": "GA", "zip_code": "31709", "order_note": "", "order_total": 5.1, "tax": 0.1, "status": "New", "ip": "127.0.0.1", "is_ordered": false, "created_at": "2022-03-16T02:16:29.328Z", "updated_at": "2022-03-16T02:16:29.343Z"}}, {"model": "orders.order", "pk": 69, "fields": {"user": null, "payment": null, "order_number": "2022031669", "first_name": "Colby", "last_name": "Council", "phone": "2293493165", "email": "colbycouncil@gmail.com", "address_line_1": "2706 Pine Valley Rd", "address_line_2": "", "city": "Albany", "state": "GA", "zip_code": "31707", "order_note": "Test", "order_total": 5.1, "tax": 0.1, "status": "New", "ip": "127.0.0.1", "is_ordered": false, "created_at": "2022-03-16T12:49:33.988Z", "updated_at": "2022-03-16T12:49:33.994Z"}}, {"model": "orders.order", "pk": 70, "fields": {"user": null, "payment": null, "order_number": "2022031670", "first_name": "Colby", "last_name": "Council", "phone": "2293493165", "email": "colbycouncil@gmail.com", "address_line_1": "2706 Pine Valley Rd", "address_line_2": "", "city": "Albany", "state": "GA", "zip_code": "31707", "order_note": "", "order_total": 5.1, "tax": 0.1, "status": "New", "ip": "127.0.0.1", "is_ordered": false, "created_at": "2022-03-16T19:14:00.954Z", "updated_at": "2022-03-16T19:14:00.973Z"}}, {"model": "orders.order", "pk": 71, "fields": {"user": null, "payment": null, "order_number": "2022032571", "first_name": "Katherine", "last_name": "Council", "phone": "2298813935", "email": "krcouncil3@gmail.com", "address_line_1": "1001 South Lee Street", "address_line_2": "", "city": "Americus", "state": "Ga", "zip_code": "31709", "order_note": "", "order_total": 40.8, "tax": 0.8, "status": "New", "ip": "127.0.0.1", "is_ordered": false, "created_at": "2022-03-26T01:36:29.504Z", "updated_at": "2022-03-26T01:36:29.512Z"}}, {"model": "admin_honeypot.loginattempt", "pk": 1, "fields": {"username": "colbycouncil@gmail.com", "ip_address": "127.0.0.1", "session_key": "6f5hbjlffuxrv3glbihpmw3902t21wiy", "user_agent": "Mozilla/5.0 (Windows NT 10.0; Win64; x64) AppleWebKit/537.36 (KHTML, like Gecko) Chrome/99.0.4844.74 Safari/537.36", "timestamp": "2022-03-20T02:46:22.234Z", "path": "/admin/login/?next=/admin/"}}]